<?xml version="1.0" encoding="UTF-8"?>
<!DOCTYPE mapper PUBLIC "-//mybatis.org//DTD Mapper 3.0//EN"
	"http://mybatis.org/dtd/mybatis-3-mapper.dtd">

<mapper namespace="mapper.board">
	<resultMap type="articleDTO" id="artResult">
		<result property="level" column="level" />
		<result property="articleNo" column="articleNo" />
		<result property="parentNo" column="parentNo" />
		<result property="title" column="title" />
		<result property="content" column="content" />
		<result property="writeDate" column="writeDate" />
		<result property="imageFileName" column="imageFileName" />
		<result property="id" column="id" />
	</resultMap>
	
	<resultMap type="imageDTO" id="imgResult">
		<result property="imageFileNo" column="imageFileNo"/>
		<result property="imageFileName" column="imageFileName" />
		<result property="regDate" column="regDate" />
		<result property="articleNo" column="articleNo" />
	</resultMap>
	
	<select id="selectAllArticlesList" resultMap="artResult">
		<![CDATA[
			select level, articleNo, parentNo, title, content, writeDate, 
			imageFileName, id from board 
			start with parentNo = 0
			connect by prior articleNo=parentNo
			order siblings by articleNo desc
		]]>
	</select>
	
	<insert id="insertNewArticle" parameterType="articleDTO">
		<![CDATA[
			insert into board values(#{articleNo}, #{parentNo}, 
			#{title}, #{content}, null, sysdate, #{id})
		]]>
	</insert>
	
	<select id="selectNewArticleNo" resultType="int">
		<![CDATA[
			select max(articleNo)+1 from board
		]]>
	</select>
	
	<select id="selectArticle" resultType="articleDTO" parameterType="int">
		<![CDATA[
			select * from board where articleNo=#{articleNo}
		]]>
	</select>
	
	<update id="updateArticle" parameterType="java.util.Map">
		update board 
		set title=#{title}, content=#{content}
		<if test="imageFileName != '' and imageFileName != null">
			, imageFileName=#{imageFileName}
		</if>
		where articleNo=#{articleNo}
	</update>
	
	<delete id="deleteArticle" parameterType="int">
		<![CDATA[
			delete from board where articleNo in 
			(select articleNo from board start with articleNo=#{articleNo}
			connect by prior articleNo=parentNo)
		]]>
	</delete>
	
	<insert id="insertNewImage" parameterType="java.util.Map">
		<foreach item="item" collection="list" open="insert all"
			separator=" " close="select * from dual">
			into image(imageFileNo, imageFileName, articleNo, regDate)
			values (#{item.imageFileNo}, #{item.imageFileName}, #{item.articleNo},
			sysdate)	
		</foreach>
	</insert>
	
	<select id="selectNewImageFileNo" resultType="int">
		<![CDATA[
			select nvl(max(imageFileNo), 0) from image
		]]>
	</select>
	
	<select id="selectImageFileList" resultMap="imgResult">
		<![CDATA[
			select * from image where articleNo=#{articleNo}
		]]>
	</select>
	
	<delete id="deleteImage" parameterType="int">
		<![CDATA[
			delete from image where imageFileNo=#{imageFileNo}
		]]>	
	</delete>
	
	<select id="selectArticleNo" parameterType="int" resultType="int">
		<![CDATA[
			select articleNo from image where imageFileNo=#{imageFileNo}
		]]>
	</select>
</mapper>





