<?xml version="1.0" encoding="UTF-8"?>
<!DOCTYPE mapper PUBLIC "-//mybatis.org//DTD Mapper 3.0//EN"
	"http://mybatis.org/dtd/mybatis-3-mapper.dtd">

<mapper namespace="mapper.member">
	<resultMap type="memberDTO" id="memResult">
		<result property="id" column="id" />
		<result property="pwd" column="pwd" />
		<result property="name" column="name" />
		<result property="email" column="email" />
		<result property="joinDate" column="joinDate" />
	</resultMap>
	
	<select id="listMembers" resultMap="memResult">
		<![CDATA[
			select * from member order by joinDate desc
		]]>
	</select>
	
	<select id="memberDetail" resultType="memberDTO" parameterType="String">
		<![CDATA[
			select * from member where id=#{id}
		]]>
	</select>
	
	<delete id="delMember" parameterType="String">
		<![CDATA[
			delete from member where id=#{id}
		]]>
	</delete>
	
	<insert id="addMember" parameterType="memberDTO">
		<![CDATA[
			insert into member values(#{id},#{pwd},#{name},#{email},sysdate)
		]]>
	</insert>
	
	<update id="modMember" parameterType="memberDTO">
		<![CDATA[
			update member set pwd=#{pwd}, name=#{name}, email=#{email}
				where id=#{id}
		]]>
	</update>
	
	<select id="login" parameterType="memberDTO" resultType="memberDTO">
		<![CDATA[
			select * from member where id=#{id} and pwd=#{pwd}
		]]>	
	</select>
</mapper>