<?xml version="1.0" encoding="UTF-8"?>
<!DOCTYPE tiles-definitions PUBLIC
	"-//Apache Software Foundation//DTD Tiles Configuration 2.0//EN"
	"http://tiles.apache.org/dtds/tiles-config_2_0.dtd">
	
<tiles-definitions>
	<definition name="baseLayout" template="/WEB-INF/views/common/layout.jsp">
		<put-attribute name="title" value="" />
		<put-attribute name="header" value="/WEB-INF/views/common/header.jsp" />
		<put-attribute name="side" value="/WEB-INF/views/common/side.jsp" />
		<put-attribute name="body" value="" />
		<put-attribute name="footer" value="/WEB-INF/views/common/footer.jsp" />
	</definition>
	
	<definition name="/board/listArticles" extends="baseLayout">
		<put-attribute name="title" value="글목록창" />
		<put-attribute name="body" value="/WEB-INF/views/board/listArticles.jsp" />
	</definition>

	<definition name="/board/articleForm" extends="baseLayout">
		<put-attribute name="title" value="글쓰기창" />
		<put-attribute name="body" value="/WEB-INF/views/board/articleForm.jsp" />
	</definition>	
	
	<definition name="/board/viewArticle" extends="baseLayout">
		<put-attribute name="title" value="글보기" />
		<put-attribute name="body" value="/WEB-INF/views/board/viewArticle.jsp" />
	</definition>
	
	<definition name="/board/replyForm" extends="baseLayout">
		<put-attribute name="title" value="답글쓰기" />
		<put-attribute name="body" value="/WEB-INF/views/board/replyForm.jsp" />
	</definition>	
</tiles-definitions>







